Library,Model,Time,Tags
spacy, small, 6646.301001399999, 30086
spacy, large, 7182.9455716, 36916
spacy, medium, 7186.5938192, 35926
spacy, small, 9.319999992385419e-05, 30086
spacy, medium, 0.00012440000000424334, 35926
spacy, large, 0.00016990000005989714, 36916
