Library,Model,Time,Tags
spacy, small, 6646.301001399999, 30086
spacy, large, 7182.9455716, 36916
spacy, medium, 7186.5938192, 35926
